{"isStage":false,"name":"szereplő2","variables":{},"lists":{},"broadcasts":{},"blocks":{},"comments":{},"currentCostume":0,"costumes":[{"name":"jelmez2","bitmapResolution":2,"dataFormat":"png","assetId":"2c861abbebb7da438542a8de4bc70c7c","md5ext":"2c861abbebb7da438542a8de4bc70c7c.png","rotationCenterX":21,"rotationCenterY":43},{"name":"jelmez1","bitmapResolution":2,"dataFormat":"png","assetId":"52226c9e56e664678d8a4ee47cb5d98c","md5ext":"52226c9e56e664678d8a4ee47cb5d98c.png","rotationCenterX":25,"rotationCenterY":43},{"name":"jelmez3","bitmapResolution":2,"dataFormat":"png","assetId":"2653ca8d8bb3deefd706e3a892d5d2c5","md5ext":"2653ca8d8bb3deefd706e3a892d5d2c5.png","rotationCenterX":32,"rotationCenterY":43},{"name":"jelmez4","bitmapResolution":2,"dataFormat":"png","assetId":"62ac3ec7bc71ec7b77efac5f1c268f1d","md5ext":"62ac3ec7bc71ec7b77efac5f1c268f1d.png","rotationCenterX":37,"rotationCenterY":43}],"sounds":[{"name":"pukk","assetId":"83a9787d4cb6f3b7632b4ddfebf74367","dataFormat":"wav","format":"","rate":48000,"sampleCount":1123,"md5ext":"83a9787d4cb6f3b7632b4ddfebf74367.wav"}],"volume":100,"visible":true,"x":5.9992770974489815,"y":-60.00282737490973,"size":800,"direction":90,"draggable":false,"rotationStyle":"all around"}