{"isStage":false,"name":"Mozgás(fut)","variables":{},"lists":{},"broadcasts":{},"blocks":{"~C@dRF^$0K}V8L02-oSx":{"opcode":"event_whenflagclicked","next":"FJorv%n0(Pr]L7G`5h7L","parent":null,"inputs":{},"fields":{},"shadow":false,"topLevel":true,"x":115,"y":116},"FJorv%n0(Pr]L7G`5h7L":{"opcode":"control_forever","next":null,"parent":"~C@dRF^$0K}V8L02-oSx","inputs":{"SUBSTACK":[2,"5GJvE(rB;q;o]Kjs7Hdn"]},"fields":{},"shadow":false,"topLevel":false},"5GJvE(rB;q;o]Kjs7Hdn":{"opcode":"control_wait","next":"U]OB6x7,!cW;TBT.i(_`","parent":"FJorv%n0(Pr]L7G`5h7L","inputs":{"DURATION":[1,[5,"0.05"]]},"fields":{},"shadow":false,"topLevel":false},"U]OB6x7,!cW;TBT.i(_`":{"opcode":"looks_nextcostume","next":null,"parent":"5GJvE(rB;q;o]Kjs7Hdn","inputs":{},"fields":{},"shadow":false,"topLevel":false}},"comments":{},"currentCostume":8,"costumes":[{"name":"Cica4","bitmapResolution":2,"dataFormat":"png","assetId":"30374aac095962348354f9f5fa4e706a","md5ext":"30374aac095962348354f9f5fa4e706a.png","rotationCenterX":21,"rotationCenterY":44},{"name":"Cica5","bitmapResolution":2,"dataFormat":"png","assetId":"2ffb00bddf51ed39908c02aa92cfa712","md5ext":"2ffb00bddf51ed39908c02aa92cfa712.png","rotationCenterX":21,"rotationCenterY":41},{"name":"Cica2","bitmapResolution":2,"dataFormat":"png","assetId":"4e15b4afcc4470be59cd68f4c5589d95","md5ext":"4e15b4afcc4470be59cd68f4c5589d95.png","rotationCenterX":25,"rotationCenterY":39},{"name":"Cica3","bitmapResolution":2,"dataFormat":"png","assetId":"000e06d846f8e6cbfd166b6265a646d6","md5ext":"000e06d846f8e6cbfd166b6265a646d6.png","rotationCenterX":22,"rotationCenterY":42},{"name":"Cica6","bitmapResolution":2,"dataFormat":"png","assetId":"3661b2b7c28eb8f82e7f15d18d723eae","md5ext":"3661b2b7c28eb8f82e7f15d18d723eae.png","rotationCenterX":21,"rotationCenterY":44},{"name":"Cica7","bitmapResolution":2,"dataFormat":"png","assetId":"b4b0635bd367a29b724bd74ddb053126","md5ext":"b4b0635bd367a29b724bd74ddb053126.png","rotationCenterX":21,"rotationCenterY":44},{"name":"Cica8","bitmapResolution":2,"dataFormat":"png","assetId":"bca4a04e7a713cdba87ababa1fc0bb7a","md5ext":"bca4a04e7a713cdba87ababa1fc0bb7a.png","rotationCenterX":25,"rotationCenterY":44},{"name":"Cica9","bitmapResolution":2,"dataFormat":"png","assetId":"d717ac46e9e72769e27dbb87db85f3b5","md5ext":"d717ac46e9e72769e27dbb87db85f3b5.png","rotationCenterX":21,"rotationCenterY":46},{"name":"Cica10","bitmapResolution":2,"dataFormat":"png","assetId":"695a44e96875b4ec40ff715375c3cd9b","md5ext":"695a44e96875b4ec40ff715375c3cd9b.png","rotationCenterX":21,"rotationCenterY":44},{"name":"Cica11","bitmapResolution":2,"dataFormat":"png","assetId":"40eed0d3d2854177ff7271e9a90860b8","md5ext":"40eed0d3d2854177ff7271e9a90860b8.png","rotationCenterX":25,"rotationCenterY":44},{"name":"Cica12","bitmapResolution":2,"dataFormat":"png","assetId":"3f61f1c26b3f9e8ac44d01c104e0e46d","md5ext":"3f61f1c26b3f9e8ac44d01c104e0e46d.png","rotationCenterX":22,"rotationCenterY":44}],"sounds":[{"name":"pukk","assetId":"83a9787d4cb6f3b7632b4ddfebf74367","dataFormat":"wav","format":"","rate":48000,"sampleCount":1123,"md5ext":"83a9787d4cb6f3b7632b4ddfebf74367.wav"}],"volume":100,"visible":true,"x":-150.00448199581632,"y":-61.00285950417006,"size":800,"direction":90,"draggable":false,"rotationStyle":"all around"}